﻿<?xml version="1.0" encoding="utf-8"?><HelpTOCNode Title="CRDPluginService" Url="html/2ae7faa6-c514-78fc-007e-2eaf262be93f.htm"><HelpTOCNode Title="ComplianceObject Class" Url="html/c496f565-f4ab-9c78-e732-cd9077568281.htm" HasChildren="true" /><HelpTOCNode Title="ComplianceObjectConvention Class" Url="html/0a7938fa-a7f3-796e-34d4-17b480dee1eb.htm" HasChildren="true" /><HelpTOCNode Title="ComplianceObjectResponse Class" Url="html/5fb882ce-ba2a-8b47-006a-f218c8f3399e.htm" HasChildren="true" /><HelpTOCNode Title="Conventions Class" Url="html/65565ad2-f7ae-670a-5ac0-70a2dd1ef56c.htm" HasChildren="true" /><HelpTOCNode Title="Execution Class" Url="html/23fd8d2f-3395-418b-a4e8-5f1d50f00da1.htm" HasChildren="true" /><HelpTOCNode Title="IOMVCRDService Interface" Url="html/218f073a-14aa-5e90-d279-962cb3623812.htm" HasChildren="true" /><HelpTOCNode Title="OMVCRDService Class" Url="html/61d5dbc9-646e-e046-eddf-0c5b169f53db.htm" HasChildren="true" /><HelpTOCNode Title="ResponseConvention Class" Url="html/b36a57cc-9417-8333-9228-406e4e0591ad.htm" HasChildren="true" /><HelpTOCNode Title="ServiceObject Class" Url="html/2d876da8-0e9c-b7ab-b833-283ad76fddf6.htm" HasChildren="true" /><HelpTOCNode Title="ServiceObjectResponse Class" Url="html/7a926a99-48f8-0f63-ca42-a35f8b1b0731.htm" HasChildren="true" /></HelpTOCNode>