﻿<?xml version="1.0" encoding="utf-8"?>
<HelpKI>
  <HelpKINode Title="basketId field" Url="html/4c89eebc-0f0d-9ecd-578f-165b337f6ca7.htm" />
  <HelpKINode Title="basketId property" Url="html/dedd1405-32b1-8af1-1b47-2e8534d9b754.htm" />
  <HelpKINode Title="ComplianceObject class">
    <HelpKINode Title="ComplianceObject Class" Url="html/c496f565-f4ab-9c78-e732-cd9077568281.htm" />
    <HelpKINode Title="about ComplianceObject class" Url="html/c496f565-f4ab-9c78-e732-cd9077568281.htm" />
    <HelpKINode Title="constructor" Url="html/8a662ac6-8ad2-e1b6-126e-74194ccf33bb.htm" />
    <HelpKINode Title="methods" Url="html/41580ee5-ab45-f211-fb2a-887628a8b0a5.htm" />
    <HelpKINode Title="properties" Url="html/c5d079b0-7032-2fd1-c5dc-ad2d1981de2c.htm" />
  </HelpKINode>
  <HelpKINode Title="ComplianceObject.basketId property" Url="html/dedd1405-32b1-8af1-1b47-2e8534d9b754.htm" />
  <HelpKINode Title="ComplianceObject.ComplianceObject constructor" Url="html/8a662ac6-8ad2-e1b6-126e-74194ccf33bb.htm" />
  <HelpKINode Title="ComplianceObject.runId property" Url="html/baf4a2b0-ea95-654b-141f-c980d78bf41c.htm" />
  <HelpKINode Title="ComplianceObjectConvention class">
    <HelpKINode Title="ComplianceObjectConvention Class" Url="html/0a7938fa-a7f3-796e-34d4-17b480dee1eb.htm" />
    <HelpKINode Title="about ComplianceObjectConvention class" Url="html/0a7938fa-a7f3-796e-34d4-17b480dee1eb.htm" />
    <HelpKINode Title="constructor" Url="html/eb4e684d-e3e9-58a7-7aaa-7ab1e598e5d7.htm" />
    <HelpKINode Title="fields" Url="html/6d7c2013-3213-8c78-dbb4-9097df07ab8f.htm" />
    <HelpKINode Title="methods" Url="html/bdbb3949-6e3f-0d2c-8497-60902608f386.htm" />
  </HelpKINode>
  <HelpKINode Title="complianceObjectConvention field" Url="html/7644e140-884e-9233-1576-632889b7ffc1.htm" />
  <HelpKINode Title="ComplianceObjectConvention.basketId field" Url="html/4c89eebc-0f0d-9ecd-578f-165b337f6ca7.htm" />
  <HelpKINode Title="ComplianceObjectConvention.ComplianceObjectConvention constructor" Url="html/eb4e684d-e3e9-58a7-7aaa-7ab1e598e5d7.htm" />
  <HelpKINode Title="ComplianceObjectConvention.runId field" Url="html/72c17d91-6263-0d0d-424e-6eb4f74a7592.htm" />
  <HelpKINode Title="ComplianceObjectConvention.serviceObjectType field" Url="html/e3148115-2b2f-75cc-3af7-9c6445ce2206.htm" />
  <HelpKINode Title="ComplianceObjectConvention.workflow field" Url="html/f838ee8c-0547-179c-ce09-a2479a49ebc1.htm" />
  <HelpKINode Title="ComplianceObjectResponse class">
    <HelpKINode Title="ComplianceObjectResponse Class" Url="html/5fb882ce-ba2a-8b47-006a-f218c8f3399e.htm" />
    <HelpKINode Title="about ComplianceObjectResponse class" Url="html/5fb882ce-ba2a-8b47-006a-f218c8f3399e.htm" />
    <HelpKINode Title="constructor" Url="html/0a748afe-852c-3a42-1a3e-e69828b64581.htm" />
    <HelpKINode Title="methods" Url="html/b0e22325-b665-5d43-cd4b-0efcc3ace048.htm" />
    <HelpKINode Title="properties" Url="html/b65c3f6a-bfbd-919e-385f-c03661d223b2.htm" />
  </HelpKINode>
  <HelpKINode Title="ComplianceObjectResponse.ComplianceObjectResponse constructor" Url="html/0a748afe-852c-3a42-1a3e-e69828b64581.htm" />
  <HelpKINode Title="ComplianceObjectResponse.serviceObject property" Url="html/cec81e1e-70ee-6644-6acd-812df708c571.htm" />
  <HelpKINode Title="Conventions class">
    <HelpKINode Title="Conventions Class" Url="html/65565ad2-f7ae-670a-5ac0-70a2dd1ef56c.htm" />
    <HelpKINode Title="about Conventions class" Url="html/65565ad2-f7ae-670a-5ac0-70a2dd1ef56c.htm" />
    <HelpKINode Title="constructor" Url="html/e333d035-9321-f68a-65dc-33b6b381169f.htm" />
    <HelpKINode Title="fields" Url="html/57069ff4-c290-546b-997a-4cc5b070f508.htm" />
    <HelpKINode Title="methods" Url="html/dfb2687d-68b2-32a3-25c5-70b4b6c1387f.htm" />
  </HelpKINode>
  <HelpKINode Title="Conventions.complianceObjectConvention field" Url="html/7644e140-884e-9233-1576-632889b7ffc1.htm" />
  <HelpKINode Title="Conventions.Conventions constructor" Url="html/e333d035-9321-f68a-65dc-33b6b381169f.htm" />
  <HelpKINode Title="Conventions.responseConvention field" Url="html/5c5a1fe5-015a-aa29-e991-fdb786cca5ca.htm" />
  <HelpKINode Title="CRDPluginService namespace" Url="html/2ae7faa6-c514-78fc-007e-2eaf262be93f.htm" />
  <HelpKINode Title="CRDPluginService.ComplianceObject class" Url="html/c496f565-f4ab-9c78-e732-cd9077568281.htm" />
  <HelpKINode Title="CRDPluginService.ComplianceObjectConvention class" Url="html/0a7938fa-a7f3-796e-34d4-17b480dee1eb.htm" />
  <HelpKINode Title="CRDPluginService.ComplianceObjectResponse class" Url="html/5fb882ce-ba2a-8b47-006a-f218c8f3399e.htm" />
  <HelpKINode Title="CRDPluginService.Conventions class" Url="html/65565ad2-f7ae-670a-5ac0-70a2dd1ef56c.htm" />
  <HelpKINode Title="CRDPluginService.Execution class" Url="html/23fd8d2f-3395-418b-a4e8-5f1d50f00da1.htm" />
  <HelpKINode Title="CRDPluginService.IOMVCRDService interface" Url="html/218f073a-14aa-5e90-d279-962cb3623812.htm" />
  <HelpKINode Title="CRDPluginService.OMVCRDService class" Url="html/61d5dbc9-646e-e046-eddf-0c5b169f53db.htm" />
  <HelpKINode Title="CRDPluginService.ResponseConvention class" Url="html/b36a57cc-9417-8333-9228-406e4e0591ad.htm" />
  <HelpKINode Title="CRDPluginService.ServiceObject class" Url="html/2d876da8-0e9c-b7ab-b833-283ad76fddf6.htm" />
  <HelpKINode Title="CRDPluginService.ServiceObjectResponse class" Url="html/7a926a99-48f8-0f63-ca42-a35f8b1b0731.htm" />
  <HelpKINode Title="ExecuteAllocation method" Url="html/b5b0dc52-212c-66ab-06c0-6ee6a29d3c2e.htm" />
  <HelpKINode Title="ExecuteAllocationWorkflow method">
    <HelpKINode Title="IOMVCRDService.ExecuteAllocationWorkflow Method " Url="html/389117bd-8765-efb6-c336-c6b239154a50.htm" />
    <HelpKINode Title="OMVCRDService.ExecuteAllocationWorkflow Method " Url="html/d2def12e-4412-c686-21a7-044ac48b4c36.htm" />
  </HelpKINode>
  <HelpKINode Title="ExecuteCompliance method" Url="html/3feb9732-2dce-ee13-299e-d55e0a6520ee.htm" />
  <HelpKINode Title="ExecuteComplianceWorkflow method">
    <HelpKINode Title="IOMVCRDService.ExecuteComplianceWorkflow Method " Url="html/c8de835c-f7d1-b09f-22e1-5433577c62d0.htm" />
    <HelpKINode Title="OMVCRDService.ExecuteComplianceWorkflow Method " Url="html/1a49fd59-bd30-0d0c-02f0-0b61523e8fbf.htm" />
  </HelpKINode>
  <HelpKINode Title="ExecutePlacement method" Url="html/67d2b0bd-7101-6372-48bb-efa44a858b05.htm" />
  <HelpKINode Title="ExecutePlacementWorkflow method">
    <HelpKINode Title="IOMVCRDService.ExecutePlacementWorkflow Method " Url="html/a6be9737-43b3-c958-8a67-1816328366fa.htm" />
    <HelpKINode Title="OMVCRDService.ExecutePlacementWorkflow Method " Url="html/3a272703-d1d9-7f15-cf7f-eb38ad6357f4.htm" />
  </HelpKINode>
  <HelpKINode Title="Execution class">
    <HelpKINode Title="Execution Class" Url="html/23fd8d2f-3395-418b-a4e8-5f1d50f00da1.htm" />
    <HelpKINode Title="about Execution class" Url="html/23fd8d2f-3395-418b-a4e8-5f1d50f00da1.htm" />
    <HelpKINode Title="methods" Url="html/c75da8b9-0886-624b-5d68-c6fe2b4aa476.htm" />
  </HelpKINode>
  <HelpKINode Title="Execution.ExecuteAllocation method" Url="html/b5b0dc52-212c-66ab-06c0-6ee6a29d3c2e.htm" />
  <HelpKINode Title="Execution.ExecuteCompliance method" Url="html/3feb9732-2dce-ee13-299e-d55e0a6520ee.htm" />
  <HelpKINode Title="Execution.ExecutePlacement method" Url="html/67d2b0bd-7101-6372-48bb-efa44a858b05.htm" />
  <HelpKINode Title="GetServiceConventions method">
    <HelpKINode Title="IOMVCRDService.GetServiceConventions Method " Url="html/479ebd0a-c93a-a16d-dbf6-b33602c1ea41.htm" />
    <HelpKINode Title="OMVCRDService.GetServiceConventions Method " Url="html/eb4b94ee-0ab4-5d3f-293d-4de56a68e873.htm" />
  </HelpKINode>
  <HelpKINode Title="IOMVCRDService interface">
    <HelpKINode Title="IOMVCRDService Interface" Url="html/218f073a-14aa-5e90-d279-962cb3623812.htm" />
    <HelpKINode Title="about IOMVCRDService interface" Url="html/218f073a-14aa-5e90-d279-962cb3623812.htm" />
    <HelpKINode Title="methods" Url="html/cb086954-857c-b7b2-e67b-f3dfeceb007e.htm" />
  </HelpKINode>
  <HelpKINode Title="IOMVCRDService.ExecuteAllocationWorkflow method" Url="html/389117bd-8765-efb6-c336-c6b239154a50.htm" />
  <HelpKINode Title="IOMVCRDService.ExecuteComplianceWorkflow method" Url="html/c8de835c-f7d1-b09f-22e1-5433577c62d0.htm" />
  <HelpKINode Title="IOMVCRDService.ExecutePlacementWorkflow method" Url="html/a6be9737-43b3-c958-8a67-1816328366fa.htm" />
  <HelpKINode Title="IOMVCRDService.GetServiceConventions method" Url="html/479ebd0a-c93a-a16d-dbf6-b33602c1ea41.htm" />
  <HelpKINode Title="IOMVCRDService.TestGet method" Url="html/b3da3595-aa32-6eee-e3d7-74616fcc7475.htm" />
  <HelpKINode Title="IOMVCRDService.TestPost method" Url="html/9308a8bd-f398-1aca-2df7-3055f8e2ae39.htm" />
  <HelpKINode Title="log field" Url="html/6a4dc74b-9e94-3ff7-8852-07d950d91556.htm" />
  <HelpKINode Title="message field" Url="html/bb9c87ba-c16e-b26d-778f-32a86b434195.htm" />
  <HelpKINode Title="message property" Url="html/cdf5b3f6-dff3-e468-ad72-7656e8f6f53f.htm" />
  <HelpKINode Title="OMVCRDService class">
    <HelpKINode Title="OMVCRDService Class" Url="html/61d5dbc9-646e-e046-eddf-0c5b169f53db.htm" />
    <HelpKINode Title="about OMVCRDService class" Url="html/61d5dbc9-646e-e046-eddf-0c5b169f53db.htm" />
    <HelpKINode Title="constructor" Url="html/fc8b0a1f-6718-fffc-d567-3906c93e61f1.htm" />
    <HelpKINode Title="constructor" Url="html/80f78bc0-4b82-8e69-4483-49ac411d9ad1.htm" />
    <HelpKINode Title="fields" Url="html/0fefc507-54bc-7cce-c007-d681babc2834.htm" />
    <HelpKINode Title="methods" Url="html/776b9de6-e3a4-f161-ec67-639b63e36a3d.htm" />
  </HelpKINode>
  <HelpKINode Title="OMVCRDService.ExecuteAllocationWorkflow method" Url="html/d2def12e-4412-c686-21a7-044ac48b4c36.htm" />
  <HelpKINode Title="OMVCRDService.ExecuteComplianceWorkflow method" Url="html/1a49fd59-bd30-0d0c-02f0-0b61523e8fbf.htm" />
  <HelpKINode Title="OMVCRDService.ExecutePlacementWorkflow method" Url="html/3a272703-d1d9-7f15-cf7f-eb38ad6357f4.htm" />
  <HelpKINode Title="OMVCRDService.GetServiceConventions method" Url="html/eb4b94ee-0ab4-5d3f-293d-4de56a68e873.htm" />
  <HelpKINode Title="OMVCRDService.log field" Url="html/6a4dc74b-9e94-3ff7-8852-07d950d91556.htm" />
  <HelpKINode Title="OMVCRDService.OMVCRDService constructor">
    <HelpKINode Title="OMVCRDService Constructor " Url="html/fc8b0a1f-6718-fffc-d567-3906c93e61f1.htm" />
    <HelpKINode Title="OMVCRDService Constructor " Url="html/80f78bc0-4b82-8e69-4483-49ac411d9ad1.htm" />
  </HelpKINode>
  <HelpKINode Title="OMVCRDService.TestGet method" Url="html/2c972234-23a5-c991-8407-76e77b79412d.htm" />
  <HelpKINode Title="OMVCRDService.TestPost method" Url="html/ed35b5e8-4eb7-5eb0-d457-8be5b0f1133b.htm" />
  <HelpKINode Title="ResponseConvention class">
    <HelpKINode Title="ResponseConvention Class" Url="html/b36a57cc-9417-8333-9228-406e4e0591ad.htm" />
    <HelpKINode Title="about ResponseConvention class" Url="html/b36a57cc-9417-8333-9228-406e4e0591ad.htm" />
    <HelpKINode Title="constructor" Url="html/7862bd90-a651-1731-8e3d-0c963a148744.htm" />
    <HelpKINode Title="fields" Url="html/08a86d0a-10d5-ddce-60f7-70853496d028.htm" />
    <HelpKINode Title="methods" Url="html/65cd092c-5381-0a18-0df6-68799a6b60ae.htm" />
  </HelpKINode>
  <HelpKINode Title="responseConvention field" Url="html/5c5a1fe5-015a-aa29-e991-fdb786cca5ca.htm" />
  <HelpKINode Title="ResponseConvention.message field" Url="html/bb9c87ba-c16e-b26d-778f-32a86b434195.htm" />
  <HelpKINode Title="ResponseConvention.ResponseConvention constructor" Url="html/7862bd90-a651-1731-8e3d-0c963a148744.htm" />
  <HelpKINode Title="ResponseConvention.status field" Url="html/122517ec-3a99-ea8a-ee2e-3721657ffae2.htm" />
  <HelpKINode Title="runId field" Url="html/72c17d91-6263-0d0d-424e-6eb4f74a7592.htm" />
  <HelpKINode Title="runId property" Url="html/baf4a2b0-ea95-654b-141f-c980d78bf41c.htm" />
  <HelpKINode Title="ServiceObject class">
    <HelpKINode Title="ServiceObject Class" Url="html/2d876da8-0e9c-b7ab-b833-283ad76fddf6.htm" />
    <HelpKINode Title="about ServiceObject class" Url="html/2d876da8-0e9c-b7ab-b833-283ad76fddf6.htm" />
    <HelpKINode Title="constructor" Url="html/0498d868-241e-2199-fbb5-c346b4064e06.htm" />
    <HelpKINode Title="methods" Url="html/018314bb-4002-cd86-b3ad-ca798d3061e4.htm" />
    <HelpKINode Title="properties" Url="html/e2a231f7-c126-4377-4683-3de14fd1b75a.htm" />
  </HelpKINode>
  <HelpKINode Title="serviceObject property" Url="html/cec81e1e-70ee-6644-6acd-812df708c571.htm" />
  <HelpKINode Title="ServiceObject.ServiceObject constructor" Url="html/0498d868-241e-2199-fbb5-c346b4064e06.htm" />
  <HelpKINode Title="ServiceObject.serviceObjectType property" Url="html/ea49603a-d576-ede1-6ff3-59236d5f5505.htm" />
  <HelpKINode Title="ServiceObject.workflow property" Url="html/fa806cf5-b880-4fe6-2c0a-b5af1a701a65.htm" />
  <HelpKINode Title="ServiceObjectResponse class">
    <HelpKINode Title="ServiceObjectResponse Class" Url="html/7a926a99-48f8-0f63-ca42-a35f8b1b0731.htm" />
    <HelpKINode Title="about ServiceObjectResponse class" Url="html/7a926a99-48f8-0f63-ca42-a35f8b1b0731.htm" />
    <HelpKINode Title="constructor" Url="html/55d7a7f7-91d7-7360-bd20-7854a0e4acab.htm" />
    <HelpKINode Title="methods" Url="html/54819729-faf5-d2f5-3692-8bc167c0c65e.htm" />
    <HelpKINode Title="properties" Url="html/ae02e585-0907-13c0-077b-e20a89cfb1f6.htm" />
  </HelpKINode>
  <HelpKINode Title="ServiceObjectResponse.message property" Url="html/cdf5b3f6-dff3-e468-ad72-7656e8f6f53f.htm" />
  <HelpKINode Title="ServiceObjectResponse.ServiceObjectResponse constructor" Url="html/55d7a7f7-91d7-7360-bd20-7854a0e4acab.htm" />
  <HelpKINode Title="ServiceObjectResponse.status property" Url="html/2477b1d2-f204-a0b9-b1f6-b4d117168be6.htm" />
  <HelpKINode Title="serviceObjectType field" Url="html/e3148115-2b2f-75cc-3af7-9c6445ce2206.htm" />
  <HelpKINode Title="serviceObjectType property" Url="html/ea49603a-d576-ede1-6ff3-59236d5f5505.htm" />
  <HelpKINode Title="status field" Url="html/122517ec-3a99-ea8a-ee2e-3721657ffae2.htm" />
  <HelpKINode Title="status property" Url="html/2477b1d2-f204-a0b9-b1f6-b4d117168be6.htm" />
  <HelpKINode Title="TestGet method">
    <HelpKINode Title="IOMVCRDService.TestGet Method " Url="html/b3da3595-aa32-6eee-e3d7-74616fcc7475.htm" />
    <HelpKINode Title="OMVCRDService.TestGet Method " Url="html/2c972234-23a5-c991-8407-76e77b79412d.htm" />
  </HelpKINode>
  <HelpKINode Title="TestPost method">
    <HelpKINode Title="IOMVCRDService.TestPost Method " Url="html/9308a8bd-f398-1aca-2df7-3055f8e2ae39.htm" />
    <HelpKINode Title="OMVCRDService.TestPost Method " Url="html/ed35b5e8-4eb7-5eb0-d457-8be5b0f1133b.htm" />
  </HelpKINode>
  <HelpKINode Title="workflow field" Url="html/f838ee8c-0547-179c-ce09-a2479a49ebc1.htm" />
  <HelpKINode Title="workflow property" Url="html/fa806cf5-b880-4fe6-2c0a-b5af1a701a65.htm" />
</HelpKI>
