﻿<?xml version="1.0" encoding="utf-8"?>
<HelpTOC>

  <HelpTOCNode Id="99aadcdb-dfc0-47cd-bd27-d3a6ed7d3042" Title="CRDPluginService" Url="html/2ae7faa6-c514-78fc-007e-2eaf262be93f.htm">
    <HelpTOCNode Id="9ec65c4e-cf20-4c8f-b551-560bbc542977" Title="ComplianceObject Class" Url="html/c496f565-f4ab-9c78-e732-cd9077568281.htm">
      <HelpTOCNode Title="ComplianceObject Constructor " Url="html/8a662ac6-8ad2-e1b6-126e-74194ccf33bb.htm" />
      <HelpTOCNode Id="bc944e58-86d7-444d-aa7e-7e605f8f6e84" Title="ComplianceObject Properties" Url="html/c5d079b0-7032-2fd1-c5dc-ad2d1981de2c.htm">
        <HelpTOCNode Title="basketId Property " Url="html/dedd1405-32b1-8af1-1b47-2e8534d9b754.htm" />
        <HelpTOCNode Title="runId Property " Url="html/baf4a2b0-ea95-654b-141f-c980d78bf41c.htm" />
      </HelpTOCNode>
      <HelpTOCNode Title="ComplianceObject Methods" Url="html/41580ee5-ab45-f211-fb2a-887628a8b0a5.htm" />
    </HelpTOCNode>
    <HelpTOCNode Id="7a14db91-5785-4a0c-abfb-1838eae03075" Title="ComplianceObjectConvention Class" Url="html/0a7938fa-a7f3-796e-34d4-17b480dee1eb.htm">
      <HelpTOCNode Title="ComplianceObjectConvention Constructor " Url="html/eb4e684d-e3e9-58a7-7aaa-7ab1e598e5d7.htm" />
      <HelpTOCNode Title="ComplianceObjectConvention Methods" Url="html/bdbb3949-6e3f-0d2c-8497-60902608f386.htm" />
      <HelpTOCNode Id="39c3d94b-1c84-4249-b633-18a79c993c4e" Title="ComplianceObjectConvention Fields" Url="html/6d7c2013-3213-8c78-dbb4-9097df07ab8f.htm">
        <HelpTOCNode Title="basketId Field" Url="html/4c89eebc-0f0d-9ecd-578f-165b337f6ca7.htm" />
        <HelpTOCNode Title="runId Field" Url="html/72c17d91-6263-0d0d-424e-6eb4f74a7592.htm" />
        <HelpTOCNode Title="serviceObjectType Field" Url="html/e3148115-2b2f-75cc-3af7-9c6445ce2206.htm" />
        <HelpTOCNode Title="workflow Field" Url="html/f838ee8c-0547-179c-ce09-a2479a49ebc1.htm" />
      </HelpTOCNode>
    </HelpTOCNode>
    <HelpTOCNode Id="9863bba6-7197-4cb8-ad50-8a4f546bdb32" Title="ComplianceObjectResponse Class" Url="html/5fb882ce-ba2a-8b47-006a-f218c8f3399e.htm">
      <HelpTOCNode Title="ComplianceObjectResponse Constructor " Url="html/0a748afe-852c-3a42-1a3e-e69828b64581.htm" />
      <HelpTOCNode Id="444b3fea-2add-4779-a043-994148ddbf52" Title="ComplianceObjectResponse Properties" Url="html/b65c3f6a-bfbd-919e-385f-c03661d223b2.htm">
        <HelpTOCNode Title="serviceObject Property " Url="html/cec81e1e-70ee-6644-6acd-812df708c571.htm" />
      </HelpTOCNode>
      <HelpTOCNode Title="ComplianceObjectResponse Methods" Url="html/b0e22325-b665-5d43-cd4b-0efcc3ace048.htm" />
    </HelpTOCNode>
    <HelpTOCNode Id="fd701fed-f5b8-4910-bb6a-2dc2d6b82566" Title="Conventions Class" Url="html/65565ad2-f7ae-670a-5ac0-70a2dd1ef56c.htm">
      <HelpTOCNode Title="Conventions Constructor " Url="html/e333d035-9321-f68a-65dc-33b6b381169f.htm" />
      <HelpTOCNode Title="Conventions Methods" Url="html/dfb2687d-68b2-32a3-25c5-70b4b6c1387f.htm" />
      <HelpTOCNode Id="efb3dc72-5a1a-4c57-9df2-fb5cfd316a3b" Title="Conventions Fields" Url="html/57069ff4-c290-546b-997a-4cc5b070f508.htm">
        <HelpTOCNode Title="complianceObjectConvention Field" Url="html/7644e140-884e-9233-1576-632889b7ffc1.htm" />
        <HelpTOCNode Title="responseConvention Field" Url="html/5c5a1fe5-015a-aa29-e991-fdb786cca5ca.htm" />
      </HelpTOCNode>
    </HelpTOCNode>
    <HelpTOCNode Id="634a0ff6-9b53-40ae-aa96-93d3c89b3df7" Title="Execution Class" Url="html/23fd8d2f-3395-418b-a4e8-5f1d50f00da1.htm">
      <HelpTOCNode Id="4eef3849-8e38-4ed6-ae73-89e3e77f3b77" Title="Execution Methods" Url="html/c75da8b9-0886-624b-5d68-c6fe2b4aa476.htm">
        <HelpTOCNode Title="ExecuteAllocation Method " Url="html/b5b0dc52-212c-66ab-06c0-6ee6a29d3c2e.htm" />
        <HelpTOCNode Title="ExecuteCompliance Method " Url="html/3feb9732-2dce-ee13-299e-d55e0a6520ee.htm" />
        <HelpTOCNode Title="ExecutePlacement Method " Url="html/67d2b0bd-7101-6372-48bb-efa44a858b05.htm" />
      </HelpTOCNode>
    </HelpTOCNode>
    <HelpTOCNode Id="c965319c-d763-43a0-acde-d56d108cfa33" Title="IOMVCRDService Interface" Url="html/218f073a-14aa-5e90-d279-962cb3623812.htm">
      <HelpTOCNode Id="15b1d78c-9667-48fb-bce3-189151fd9908" Title="IOMVCRDService Methods" Url="html/cb086954-857c-b7b2-e67b-f3dfeceb007e.htm">
        <HelpTOCNode Title="ExecuteAllocationWorkflow Method " Url="html/389117bd-8765-efb6-c336-c6b239154a50.htm" />
        <HelpTOCNode Title="ExecuteComplianceWorkflow Method " Url="html/c8de835c-f7d1-b09f-22e1-5433577c62d0.htm" />
        <HelpTOCNode Title="ExecutePlacementWorkflow Method " Url="html/a6be9737-43b3-c958-8a67-1816328366fa.htm" />
        <HelpTOCNode Title="GetServiceConventions Method " Url="html/479ebd0a-c93a-a16d-dbf6-b33602c1ea41.htm" />
        <HelpTOCNode Title="TestGet Method " Url="html/b3da3595-aa32-6eee-e3d7-74616fcc7475.htm" />
        <HelpTOCNode Title="TestPost Method " Url="html/9308a8bd-f398-1aca-2df7-3055f8e2ae39.htm" />
      </HelpTOCNode>
    </HelpTOCNode>
    <HelpTOCNode Id="29375406-c2a0-48a7-81b9-0c8c2af0bf86" Title="OMVCRDService Class" Url="html/61d5dbc9-646e-e046-eddf-0c5b169f53db.htm">
      <HelpTOCNode Title="OMVCRDService Constructor " Url="html/80f78bc0-4b82-8e69-4483-49ac411d9ad1.htm" />
      <HelpTOCNode Title="OMVCRDService Constructor " Url="html/fc8b0a1f-6718-fffc-d567-3906c93e61f1.htm" />
      <HelpTOCNode Id="43be5c7e-97f8-40cf-a0ee-2f93f696272d" Title="OMVCRDService Methods" Url="html/776b9de6-e3a4-f161-ec67-639b63e36a3d.htm">
        <HelpTOCNode Title="ExecuteAllocationWorkflow Method " Url="html/d2def12e-4412-c686-21a7-044ac48b4c36.htm" />
        <HelpTOCNode Title="ExecuteComplianceWorkflow Method " Url="html/1a49fd59-bd30-0d0c-02f0-0b61523e8fbf.htm" />
        <HelpTOCNode Title="ExecutePlacementWorkflow Method " Url="html/3a272703-d1d9-7f15-cf7f-eb38ad6357f4.htm" />
        <HelpTOCNode Title="GetServiceConventions Method " Url="html/eb4b94ee-0ab4-5d3f-293d-4de56a68e873.htm" />
        <HelpTOCNode Title="TestGet Method " Url="html/2c972234-23a5-c991-8407-76e77b79412d.htm" />
        <HelpTOCNode Title="TestPost Method " Url="html/ed35b5e8-4eb7-5eb0-d457-8be5b0f1133b.htm" />
      </HelpTOCNode>
      <HelpTOCNode Id="120b80e8-1aaf-45d6-bcf8-ac6187578fd5" Title="OMVCRDService Fields" Url="html/0fefc507-54bc-7cce-c007-d681babc2834.htm">
        <HelpTOCNode Title="log Field" Url="html/6a4dc74b-9e94-3ff7-8852-07d950d91556.htm" />
      </HelpTOCNode>
    </HelpTOCNode>
    <HelpTOCNode Id="24ea23f1-7f48-49bd-b0ef-da85c8c9646a" Title="ResponseConvention Class" Url="html/b36a57cc-9417-8333-9228-406e4e0591ad.htm">
      <HelpTOCNode Title="ResponseConvention Constructor " Url="html/7862bd90-a651-1731-8e3d-0c963a148744.htm" />
      <HelpTOCNode Title="ResponseConvention Methods" Url="html/65cd092c-5381-0a18-0df6-68799a6b60ae.htm" />
      <HelpTOCNode Id="08105e10-f3f1-4c7f-a324-89282b1b37ef" Title="ResponseConvention Fields" Url="html/08a86d0a-10d5-ddce-60f7-70853496d028.htm">
        <HelpTOCNode Title="message Field" Url="html/bb9c87ba-c16e-b26d-778f-32a86b434195.htm" />
        <HelpTOCNode Title="status Field" Url="html/122517ec-3a99-ea8a-ee2e-3721657ffae2.htm" />
      </HelpTOCNode>
    </HelpTOCNode>
    <HelpTOCNode Id="55501f7e-b5d1-4486-a476-e92536809f01" Title="ServiceObject Class" Url="html/2d876da8-0e9c-b7ab-b833-283ad76fddf6.htm">
      <HelpTOCNode Title="ServiceObject Constructor " Url="html/0498d868-241e-2199-fbb5-c346b4064e06.htm" />
      <HelpTOCNode Id="a35c31fe-72d4-4335-a46d-945e5a0f3956" Title="ServiceObject Properties" Url="html/e2a231f7-c126-4377-4683-3de14fd1b75a.htm">
        <HelpTOCNode Title="serviceObjectType Property " Url="html/ea49603a-d576-ede1-6ff3-59236d5f5505.htm" />
        <HelpTOCNode Title="workflow Property " Url="html/fa806cf5-b880-4fe6-2c0a-b5af1a701a65.htm" />
      </HelpTOCNode>
      <HelpTOCNode Title="ServiceObject Methods" Url="html/018314bb-4002-cd86-b3ad-ca798d3061e4.htm" />
    </HelpTOCNode>
    <HelpTOCNode Id="e0d8d0fe-c71a-44c4-b88a-a5d4a30a03f5" Title="ServiceObjectResponse Class" Url="html/7a926a99-48f8-0f63-ca42-a35f8b1b0731.htm">
      <HelpTOCNode Title="ServiceObjectResponse Constructor " Url="html/55d7a7f7-91d7-7360-bd20-7854a0e4acab.htm" />
      <HelpTOCNode Id="0404ecbc-2f8b-4cde-b9cc-14d3d6284768" Title="ServiceObjectResponse Properties" Url="html/ae02e585-0907-13c0-077b-e20a89cfb1f6.htm">
        <HelpTOCNode Title="message Property " Url="html/cdf5b3f6-dff3-e468-ad72-7656e8f6f53f.htm" />
        <HelpTOCNode Title="status Property " Url="html/2477b1d2-f204-a0b9-b1f6-b4d117168be6.htm" />
      </HelpTOCNode>
      <HelpTOCNode Title="ServiceObjectResponse Methods" Url="html/54819729-faf5-d2f5-3692-8bc167c0c65e.htm" />
    </HelpTOCNode>
  </HelpTOCNode>
</HelpTOC>
